name,male,female
Petronila,0,1
Evangelina,0,1
Randee,0,1
Elsie,0,1
Roosevelt,0,1
Laronda,0,1
Christian,0,1
Isa,0,1
Janna,0,1
Elinore,0,1
Michell,0,1
Susana,0,1
William,0,1
Elvis,0,1
Hermila,0,1
Bebe,0,1
Marhta,0,1
Janeen,0,1
Kathline,0,1
Ian,0,1
Katrice,0,1
Janice,0,1
Kelvin,0,1
Omer,0,1
Sari,0,1
Melba,0,1
Rosario,0,1
Deangelo,0,1
Thu,0,1
Tamara,0,1
Antonette,0,1
Tonette,0,1
Sima,0,1
Ernestina,0,1
Belkis,0,1
Sabrina,0,1
Maegan,0,1
Germaine,0,1
Joey,0,1
Altha,0,1
Tabetha,0,1
Cristal,0,1
Thelma,0,1
Synthia,0,1
Terri,0,1
Melia,0,1
Erich,0,1
Kami,0,1
Wilfred,0,1
Shawnta,0,1
Marinda,0,1
Stacie,0,1
Georgine,0,1
Debi,0,1
Willene,0,1
Vertie,0,1
Jade,0,1
Virginia,0,1
Nubia,0,1
Deloras,0,1
Nelle,0,1
Lamar,0,1
Bob,0,1
Jennefer,0,1
Valrie,0,1
Joy,0,1
Lasandra,0,1
Valentina,0,1
Chanda,0,1
Flossie,0,1
Demetrius,0,1
Aimee,0,1
Annabelle,0,1
Marybelle,0,1
Cinda,0,1
Dung,0,1
Patty,0,1
Julianne,0,1
Demetrice,0,1
Luciano,0,1
Melynda,0,1
Ross,0,1
Anjelica,0,1
Ashli,0,1
Kristy,0,1
Ozie,0,1
Chara,0,1
Chassidy,0,1
Danelle,0,1
Bryanna,0,1
Clemencia,0,1
Lakeisha,0,1
Rosana,0,1
Earnestine,0,1
Tuan,0,1
Carli,0,1
Annmarie,0,1
Cicely,0,1
Latrice,0,1
Shawanna,0,1
Felica,0,1
Jillian,0,1
Jerold,0,1
Monica,0,1
Carina,0,1
Katia,0,1
Ethel,0,1
Danilo,0,1
Stormy,0,1
Jona,0,1
Miguel,0,1
Royal,0,1
Joye,0,1
Chanell,0,1
Pamula,0,1
Adolph,0,1
Brittanie,0,1
Lorinda,0,1
Francene,0,1
Alberta,0,1
Roger,0,1
Delsie,0,1
Oralee,0,1
Jeni,0,1
Bernard,0,1
Dorathy,0,1
Eddy,0,1
Malika,0,1
Kandra,0,1
Cleotilde,0,1
Kathyrn,0,1
Herschel,0,1
Caleb,0,1
Jolene,0,1
Travis,0,1
Bibi,0,1
Waltraud,0,1
Lawanda,0,1
Meagan,0,1
Lovella,0,1
Alexa,0,1
Cherlyn,0,1
Jeffry,0,1
Candace,0,1
Eula,0,1
Kurtis,0,1
Lorrie,0,1
Talitha,0,1
Ardelia,0,1
